FQ1	FQ2	RGSM	RGID	RGPL	RGPU	RGLB	RGCN
sampleX-C0VY6.1.end1.fq	sampleX-C0VY6.1.end2.fq	sampleX	C0VY6.1	illumina	C0VY6ACXX120810.1.CCTACCAT	Catch-169818	PQ
sampleX-C0VY6.2.end1.fq	sampleX-C0VY6.2.end2.fq	sampleX	C0VY6.2	illumina	C0VY6ACXX120810.2.CCTACCAT	Catch-169818	PQ
sampleX-C0VY6.3.end1.fq	sampleX-C0VY6.3.end2.fq	sampleX	C0VY6.3	illumina	C0VY6ACXX120810.3.CCTACCAT	Catch-169818	PQ
sampleX-C0VY6.4.end1.fq	sampleX-C0VY6.4.end2.fq	sampleX	C0VY6.4	illumina	C0VY6ACXX120810.4.CCTACCAT	Catch-169818	PQ
sampleX-C0VY6.5.end1.fq	sampleX-C0VY6.5.end2.fq	sampleX	C0VY6.5	illumina	C0VY6ACXX120810.5.CCTACCAT	Catch-169818	PQ
sampleX-C0VY6.6.end1.fq	sampleX-C0VY6.6.end2.fq	sampleX	C0VY6.6	illumina	C0VY6ACXX120810.6.CCTACCAT	Catch-169818	PQ
sampleX-C0VY6.7.end1.fq	sampleX-C0VY6.7.end2.fq	sampleX	C0VY6.7	illumina	C0VY6ACXX120810.7.CCTACCAT	Catch-169818	PQ
sampleX-C0VY6.8.end1.fq	sampleX-C0VY6.8.end2.fq	sampleX	C0VY6.8	illumina	C0VY6ACXX120810.8.CCTACCAT	Catch-169818	PQ
sampleX-D133M.1.end1.fq	sampleX-D133M.1.end2.fq	sampleX	D133M.1	illumina	D133MACXX120810.1.CCTACCAT	Catch-169818	PQ
sampleX-D133M.2.end1.fq	sampleX-D133M.2.end2.fq	sampleX	D133M.2	illumina	D133MACXX120810.2.CCTACCAT	Catch-169818	PQ
sampleX-D133M.3.end1.fq	sampleX-D133M.3.end2.fq	sampleX	D133M.3	illumina	D133MACXX120810.3.CCTACCAT	Catch-169818	PQ
sampleX-D133M.4.end1.fq	sampleX-D133M.4.end2.fq	sampleX	D133M.4	illumina	D133MACXX120810.4.CCTACCAT	Catch-169818	PQ
sampleX-D133M.5.end1.fq	sampleX-D133M.5.end2.fq	sampleX	D133M.5	illumina	D133MACXX120810.5.CCTACCAT	Catch-169818	PQ
sampleX-D133M.6.end1.fq	sampleX-D133M.6.end2.fq	sampleX	D133M.6	illumina	D133MACXX120810.6.CCTACCAT	Catch-169818	PQ
sampleX-D133M.7.end1.fq	sampleX-D133M.7.end2.fq	sampleX	D133M.7	illumina	D133MACXX120810.7.CCTACCAT	Catch-169818	PQ
sampleX-D133M.8.end1.fq	sampleX-D133M.8.end2.fq	sampleX	D133M.8	illumina	D133MACXX120810.8.CCTACCAT	Catch-169818	PQ
sampleX-D134H.4.end1.fq	sampleX-D134H.4.end2.fq	sampleX	D134H.4	illumina	D134HACXX120810.4.CCTACCAT	Catch-169818	PQ
sampleX-D134H.5.end1.fq	sampleX-D134H.5.end2.fq	sampleX	D134H.5	illumina	D134HACXX120810.5.CCTACCAT	Catch-169818	PQ
sampleX-D134H.6.end1.fq	sampleX-D134H.6.end2.fq	sampleX	D134H.6	illumina	D134HACXX120810.6.CCTACCAT	Catch-169818	PQ
sampleX-D134H.7.end1.fq	sampleX-D134H.7.end2.fq	sampleX	D134H.7	illumina	D134HACXX120810.7.CCTACCAT	Catch-169818	PQ
sampleX-D134H.8.end1.fq	sampleX-D134H.8.end2.fq	sampleX	D134H.8	illumina	D134HACXX120810.8.CCTACCAT	Catch-169818	PQ
